id,status,desc,scheduled,deadline,created,is_visible,is_pin,done_date
1,TODO,Buy wine,,,2025-03-31T15:40:43.897491,true,false,
2,TODO,Buy wine,,,2025-03-31T15:41:18.573889,true,false,
3,TODO,Buy milk,,,2025-03-31T15:41:20.369251,true,false,
4,TODO,Buy th8ings,,,2025-03-31T15:41:22.119250,true,false,
5,TODO,Buy books,,,2025-03-31T15:55:36.351023,true,false,
6,DONE,Buy spam,,,2025-03-31T14:40:29.249149,false,false,
7,DONE,Buy milk,,,2025-03-31T14:40:29.253328,false,false,
8,DONE,Buy spam,,,2025-03-31T15:03:51.279304,false,false,
9,DONE,Buy milk,,,2025-03-31T15:03:51.283826,false,false,
10,DONE,Buy spam,,,2025-03-31T15:03:52.222169,false,false,
11,DONE,Buy milk,,,2025-03-31T15:03:52.226248,false,false,
12,DONE,Buy spam,,,2025-03-31T15:03:52.742064,false,false,
13,DONE,Buy milk,,,2025-03-31T15:03:52.744806,false,false,
14,DONE,Buy spam,,,2025-03-31T14:33:24.906932,false,false,
